[{"model": "admin.logentry", "pk": 1, "fields": {"action_time": "2026-04-19T13:18:26.412Z", "user": 1, "content_type": 8, "object_id": "5", "object_repr": "Yuji Itadori (44444444444)", "action_flag": 2, "change_message": "[{\"changed\": {\"fields\": [\"Blood group\"]}}]"}}, {"model": "admin.logentry", "pk": 2, "fields": {"action_time": "2026-04-19T13:18:37.496Z", "user": 1, "content_type": 8, "object_id": "2", "object_repr": "Eren Yeager (00000000000000)", "action_flag": 2, "change_message": "[{\"changed\": {\"fields\": [\"Blood group\"]}}]"}}, {"model": "admin.logentry", "pk": 3, "fields": {"action_time": "2026-04-19T13:24:55.484Z", "user": 1, "content_type": 10, "object_id": "1", "object_repr": "Token #1 — ABC (Cardiology)", "action_flag": 3, "change_message": ""}}, {"model": "admin.logentry", "pk": 4, "fields": {"action_time": "2026-04-19T13:25:32.068Z", "user": 1, "content_type": 10, "object_id": "6", "object_repr": "Token #5 — ABC (Emergency)", "action_flag": 3, "change_message": ""}}, {"model": "admin.logentry", "pk": 5, "fields": {"action_time": "2026-04-19T13:26:54.223Z", "user": 1, "content_type": 10, "object_id": "2", "object_repr": "Token #1 — Yuji Itadori (Emergency)", "action_flag": 3, "change_message": ""}}, {"model": "admin.logentry", "pk": 6, "fields": {"action_time": "2026-04-19T13:27:00.964Z", "user": 1, "content_type": 10, "object_id": "3", "object_repr": "Token #2 — Mikasa Ackerman (Emergency)", "action_flag": 3, "change_message": ""}}, {"model": "admin.logentry", "pk": 7, "fields": {"action_time": "2026-04-19T13:27:29.661Z", "user": 1, "content_type": 10, "object_id": "5", "object_repr": "Token #4 — XYZ (Emergency)", "action_flag": 3, "change_message": ""}}, {"model": "admin.logentry", "pk": 8, "fields": {"action_time": "2026-04-19T13:27:29.678Z", "user": 1, "content_type": 10, "object_id": "13", "object_repr": "Token #10 — Eren Yeager (Emergency)", "action_flag": 3, "change_message": ""}}, {"model": "admin.logentry", "pk": 9, "fields": {"action_time": "2026-04-19T13:27:29.693Z", "user": 1, "content_type": 10, "object_id": "4", "object_repr": "Token #3 — Eren Yeager (Emergency)", "action_flag": 3, "change_message": ""}}, {"model": "admin.logentry", "pk": 10, "fields": {"action_time": "2026-04-19T13:27:29.705Z", "user": 1, "content_type": 10, "object_id": "7", "object_repr": "Token #6 — ABC (Emergency)", "action_flag": 3, "change_message": ""}}, {"model": "admin.logentry", "pk": 11, "fields": {"action_time": "2026-04-19T13:27:29.716Z", "user": 1, "content_type": 10, "object_id": "8", "object_repr": "Token #7 — ABC (Emergency)", "action_flag": 3, "change_message": ""}}, {"model": "admin.logentry", "pk": 12, "fields": {"action_time": "2026-04-19T13:27:29.721Z", "user": 1, "content_type": 10, "object_id": "9", "object_repr": "Token #8 — ABC (Emergency)", "action_flag": 3, "change_message": ""}}, {"model": "admin.logentry", "pk": 13, "fields": {"action_time": "2026-04-19T13:27:39.527Z", "user": 1, "content_type": 10, "object_id": "10", "object_repr": "Token #9 — ABC (Emergency)", "action_flag": 3, "change_message": ""}}, {"model": "admin.logentry", "pk": 14, "fields": {"action_time": "2026-04-19T13:27:39.538Z", "user": 1, "content_type": 10, "object_id": "11", "object_repr": "Token #1 — ABC (General Medicine)", "action_flag": 3, "change_message": ""}}, {"model": "admin.logentry", "pk": 15, "fields": {"action_time": "2026-04-19T13:27:39.546Z", "user": 1, "content_type": 10, "object_id": "12", "object_repr": "Token #2 — ABC (General Medicine)", "action_flag": 3, "change_message": ""}}, {"model": "admin.logentry", "pk": 16, "fields": {"action_time": "2026-04-19T13:28:18.804Z", "user": 1, "content_type": 7, "object_id": "1", "object_repr": "Dr. Toji Fushiguro (surgery)", "action_flag": 2, "change_message": "[{\"changed\": {\"fields\": [\"Name\"]}}]"}}, {"model": "admin.logentry", "pk": 17, "fields": {"action_time": "2026-04-19T13:28:28.934Z", "user": 1, "content_type": 7, "object_id": "3", "object_repr": "Dr. Ankhai Okajer (orthopedics)", "action_flag": 2, "change_message": "[{\"changed\": {\"fields\": [\"Name\"]}}]"}}, {"model": "admin.logentry", "pk": 18, "fields": {"action_time": "2026-04-19T13:28:37.475Z", "user": 1, "content_type": 7, "object_id": "2", "object_repr": "Dr. Manush Fanush (cardiology)", "action_flag": 2, "change_message": "[{\"changed\": {\"fields\": [\"Name\"]}}]"}}, {"model": "admin.logentry", "pk": 19, "fields": {"action_time": "2026-04-19T13:28:45.396Z", "user": 1, "content_type": 7, "object_id": "4", "object_repr": "Dr. Onischit Okajer (neurology)", "action_flag": 2, "change_message": "[{\"changed\": {\"fields\": [\"Name\"]}}]"}}, {"model": "admin.logentry", "pk": 20, "fields": {"action_time": "2026-04-19T13:29:28.823Z", "user": 1, "content_type": 14, "object_id": "1", "object_repr": "Ankhai Okajer - Monday", "action_flag": 1, "change_message": "[{\"added\": {}}]"}}, {"model": "admin.logentry", "pk": 21, "fields": {"action_time": "2026-04-23T11:51:27.920Z", "user": 1, "content_type": 8, "object_id": "7", "object_repr": "Arijit Roy (8509973325)", "action_flag": 2, "change_message": "[{\"changed\": {\"fields\": [\"Gender\", \"Allergies\"]}}]"}}, {"model": "admin.logentry", "pk": 22, "fields": {"action_time": "2026-04-23T11:51:42.186Z", "user": 1, "content_type": 8, "object_id": "7", "object_repr": "Arijit Roy (8509973325)", "action_flag": 2, "change_message": "[{\"changed\": {\"fields\": [\"Gender\"]}}]"}}, {"model": "admin.logentry", "pk": 23, "fields": {"action_time": "2026-04-23T11:54:25.866Z", "user": 1, "content_type": 8, "object_id": "7", "object_repr": "Arijit Roy (8509973325)", "action_flag": 2, "change_message": "[{\"changed\": {\"fields\": [\"Allergies\"]}}]"}}, {"model": "auth.user", "pk": 1, "fields": {"password": "pbkdf2_sha256$1000000$k2kKxdXgBWiq49o7ucIoZ4$f7qAjQyEhhSyXR/uiJKKpgE/zoEJ2UhIwODJuEOMAxs=", "last_login": "2026-04-27T18:18:20.087Z", "is_superuser": true, "username": "admin", "first_name": "", "last_name": "", "email": "admin@hospital.com", "is_staff": true, "is_active": true, "date_joined": "2026-04-19T11:30:24.551Z", "groups": [], "user_permissions": []}}, {"model": "sessions.session", "pk": "4qcjdoljb7sals9vip30wm4iy3ixrigf", "fields": {"session_data": ".eJxVjMsOgjAUBf-la9PQIu2tS_d8Q3NfCGpKQmFl_HclYaHbMzPnZTJu65i3qkuexFyMM6ffjZAfWnYgdyy32fJc1mUiuyv2oNX2s-jzerh_ByPW8VuzS4SRxXcKsXN8TolkIGxCFB5apBA8sEaCwEMTtQUVagEcBIziG_P-AAlBOKQ:1wEROy:ADR59TjjSH3wK5kS61lutntGsmYe3qEd2ymlJffNiMw", "expire_date": "2026-05-03T12:37:28.481Z"}}, {"model": "sessions.session", "pk": "6agbvrhgeajm02kmmy717bbvzr0bj4ep", "fields": {"session_data": ".eJxVjMEOwiAQRP-FsyEsLaAevfcbyLK7laqBpLQn47_bJj3obTLvzbxVxHXJcW0yx4nVVYE6_XYJ6SllB_zAcq-aalnmKeld0Qdteqgsr9vh_h1kbHlbGyQmY8E7awKSG13ooNsin70XO4JJTqyV4C7AzrNYIi8AfQAU6kF9vtGwN4E:1wHQXE:N3oImjukkzlu7BfcHV8GHLyxiYol1XjlsmId2OLGW2s", "expire_date": "2026-05-11T18:18:20.094Z"}}, {"model": "sessions.session", "pk": "l1pveyccnfgg9pdeo1d0j1o2ow4wupg2", "fields": {"session_data": ".eJxVjMEOwiAQRP-FsyEsLaAevfcbyLK7laqBpLQn47_bJj3obTLvzbxVxHXJcW0yx4nVVYE6_XYJ6SllB_zAcq-aalnmKeld0Qdteqgsr9vh_h1kbHlbGyQmY8E7awKSG13ooNsin70XO4JJTqyV4C7AzrNYIi8AfQAU6kF9vtGwN4E:1wFs9E:uQoeZng-1znm9Mpka0S5gzXlRdf2BLJMIrnYmx6Ra5k", "expire_date": "2026-05-07T11:23:08.923Z"}}, {"model": "sessions.session", "pk": "o5d2ulv1q12yuoq3kv8pjzdm95zlaj0a", "fields": {"session_data": ".eJxVjMEOwiAQRP-FsyEsLaAevfcbyLK7laqBpLQn47_bJj3obTLvzbxVxHXJcW0yx4nVVYE6_XYJ6SllB_zAcq-aalnmKeld0Qdteqgsr9vh_h1kbHlbGyQmY8E7awKSG13ooNsin70XO4JJTqyV4C7AzrNYIi8AfQAU6kF9vtGwN4E:1wFsIq:LlD-Gy_s6-TEw54AV7c2iXzotRKgc_kL2omTWRGlGj8", "expire_date": "2026-05-07T11:33:04.688Z"}}, {"model": "apps.department", "pk": 1, "fields": {"name": "General Medicine", "code": "general", "description": "General outpatient consultations", "is_active": true, "created_at": "2026-04-19T11:30:58.465Z"}}, {"model": "apps.department", "pk": 2, "fields": {"name": "Emergency", "code": "emergency", "description": "Emergency and trauma cases", "is_active": true, "created_at": "2026-04-19T11:30:58.480Z"}}, {"model": "apps.department", "pk": 3, "fields": {"name": "Cardiology", "code": "cardiology", "description": "Heart and cardiovascular conditions", "is_active": true, "created_at": "2026-04-19T11:30:58.485Z"}}, {"model": "apps.department", "pk": 4, "fields": {"name": "Orthopedics", "code": "orthopedics", "description": "Bone, joint and muscle conditions", "is_active": true, "created_at": "2026-04-19T11:30:58.492Z"}}, {"model": "apps.department", "pk": 5, "fields": {"name": "Pediatrics", "code": "pediatrics", "description": "Children and infant care", "is_active": true, "created_at": "2026-04-19T11:30:58.497Z"}}, {"model": "apps.department", "pk": 6, "fields": {"name": "Neurology", "code": "neurology", "description": "Brain and nervous system conditions", "is_active": true, "created_at": "2026-04-19T11:30:58.501Z"}}, {"model": "apps.department", "pk": 7, "fields": {"name": "Gynecology", "code": "gynecology", "description": "Women health and maternity", "is_active": true, "created_at": "2026-04-19T11:30:58.507Z"}}, {"model": "apps.department", "pk": 8, "fields": {"name": "Surgery", "code": "surgery", "description": "Surgical procedures and post-op care", "is_active": true, "created_at": "2026-04-19T11:30:58.512Z"}}, {"model": "apps.doctor", "pk": 1, "fields": {"name": "Toji Fushiguro", "specialization": "surgery", "department": 2, "phone": "0", "registration_number": "JP1234887", "is_available": false, "created_at": "2026-04-19T11:55:23.008Z"}}, {"model": "apps.doctor", "pk": 2, "fields": {"name": "Manush Fanush", "specialization": "cardiology", "department": 3, "phone": "5487956562", "registration_number": "WB45887965", "is_available": true, "created_at": "2026-04-19T11:55:37.824Z"}}, {"model": "apps.doctor", "pk": 3, "fields": {"name": "Ankhai Okajer", "specialization": "orthopedics", "department": 4, "phone": "6889544725", "registration_number": "WB6889292", "is_available": true, "created_at": "2026-04-19T11:55:55.008Z"}}, {"model": "apps.doctor", "pk": 4, "fields": {"name": "Onischit Okajer", "specialization": "neurology", "department": 6, "phone": "6987544412", "registration_number": "AP98545522", "is_available": true, "created_at": "2026-04-19T11:56:18.251Z"}}, {"model": "apps.doctorschedule", "pk": 1, "fields": {"doctor": 3, "day_of_week": 0, "start_time": "12:00:00", "end_time": "18:00:00", "max_patients": 20, "is_active": true}}, {"model": "apps.doctorschedule", "pk": 2, "fields": {"doctor": 4, "day_of_week": 1, "start_time": "09:00:00", "end_time": "18:00:00", "max_patients": 30, "is_active": true}}, {"model": "apps.patient", "pk": 1, "fields": {"name": "ABC", "age": 65, "gender": "male", "phone": "2548967215", "email": "", "blood_group": "B+", "allergies": "", "address": "", "emergency_contact": "", "created_at": "2026-04-19T11:34:12.402Z", "updated_at": "2026-04-19T11:34:12.402Z"}}, {"model": "apps.patient", "pk": 2, "fields": {"name": "Eren Yeager", "age": 22, "gender": "male", "phone": "00000000000000", "email": "", "blood_group": "A-", "allergies": "Titans", "address": "", "emergency_contact": "", "created_at": "2026-04-19T11:53:01.453Z", "updated_at": "2026-04-19T13:18:37.486Z"}}, {"model": "apps.patient", "pk": 3, "fields": {"name": "Mikasa Ackerman", "age": 22, "gender": "female", "phone": "1111111111", "email": "", "blood_group": "B+", "allergies": "Titans", "address": "", "emergency_contact": "", "created_at": "2026-04-19T11:53:32.803Z", "updated_at": "2026-04-19T11:53:32.803Z"}}, {"model": "apps.patient", "pk": 4, "fields": {"name": "Gojo Satoru", "age": 30, "gender": "male", "phone": "233333333333", "email": "", "blood_group": "AB-", "allergies": "Special Grade Curses", "address": "", "emergency_contact": "", "created_at": "2026-04-19T11:54:08.117Z", "updated_at": "2026-04-19T11:54:08.117Z"}}, {"model": "apps.patient", "pk": 5, "fields": {"name": "Yuji Itadori", "age": 15, "gender": "male", "phone": "44444444444", "email": "", "blood_group": "B+", "allergies": "Curses", "address": "", "emergency_contact": "", "created_at": "2026-04-19T11:54:35.880Z", "updated_at": "2026-04-19T13:18:26.407Z"}}, {"model": "apps.patient", "pk": 6, "fields": {"name": "XYZ", "age": 35, "gender": "male", "phone": "456446486864", "email": "", "blood_group": "O+", "allergies": "NA", "address": "", "emergency_contact": "", "created_at": "2026-04-19T12:57:24.522Z", "updated_at": "2026-04-19T12:57:24.522Z"}}, {"model": "apps.patient", "pk": 7, "fields": {"name": "Arijit Roy", "age": 21, "gender": "male", "phone": "8509973325", "email": "", "blood_group": "A+", "allergies": "Excess boke", "address": "", "emergency_contact": "", "created_at": "2026-04-23T11:36:51.177Z", "updated_at": "2026-04-23T11:54:25.838Z"}}, {"model": "apps.medicalrecord", "pk": 1, "fields": {"patient": 1, "doctor": 2, "diagnosis": "Check for pulmonary blockage", "prescription": "Strict diet and prescribed medicine. After one month engiography", "notes": "Stent", "visit_date": "2026-04-19T13:39:42.131Z", "hospital": "General Hospital", "follow_up_date": "2026-05-19"}}, {"model": "apps.triageassessment", "pk": 1, "fields": {"patient": 1, "symptoms": "Severe chest pain radiating to left arm, difficulty breathing, sweating profusely", "bp_systolic": 85, "bp_diastolic": 50, "pulse": 38, "temperature": 36.2, "oxygen_level": 82.0, "pain_scale": 10, "ai_score": 1, "ai_reasoning": "Critical SpO2: 82.0%; Dangerous pulse: 38 bpm; Abnormal BP: 85 mmHg; Severe pain: 10/10", "ai_action": "Immediate resuscitation — alert senior doctor NOW", "ai_source": "rule_based", "assessed_at": "2026-04-19T11:34:54.811Z", "assessed_by": ""}}, {"model": "apps.triageassessment", "pk": 2, "fields": {"patient": 5, "symptoms": "Confusion, Strange Behaviour , Threat", "bp_systolic": 95, "bp_diastolic": 60, "pulse": 128, "temperature": 40.2, "oxygen_level": 93.0, "pain_scale": 8, "ai_score": 2, "ai_reasoning": "Low SpO2: 93.0%; Abnormal pulse: 128 bpm; Dangerous temp: 40.2°C; High pain: 8/10", "ai_action": "Emergency treatment within 15 minutes", "ai_source": "rule_based", "assessed_at": "2026-04-19T11:57:27.678Z", "assessed_by": ""}}, {"model": "apps.triageassessment", "pk": 3, "fields": {"patient": 4, "symptoms": "30-year-old male, asthma attack", "bp_systolic": 130, "bp_diastolic": 85, "pulse": 105, "temperature": 38.7, "oxygen_level": 95.0, "pain_scale": 4, "ai_score": 3, "ai_reasoning": "High fever: 38.7°C", "ai_action": "Seen within 30 minutes", "ai_source": "rule_based", "assessed_at": "2026-04-19T12:08:51.884Z", "assessed_by": ""}}, {"model": "apps.triageassessment", "pk": 4, "fields": {"patient": 5, "symptoms": "25-year-old female, UTI symptoms", "bp_systolic": 118, "bp_diastolic": 76, "pulse": 88, "temperature": 38.1, "oxygen_level": 98.0, "pain_scale": 4, "ai_score": 5, "ai_reasoning": "Vitals within normal range", "ai_action": "Routine queue — seen within 2 hours", "ai_source": "rule_based", "assessed_at": "2026-04-19T12:14:38.083Z", "assessed_by": ""}}, {"model": "apps.triageassessment", "pk": 5, "fields": {"patient": 3, "symptoms": "65-year-old male, chest pain + breathlessness", "bp_systolic": 89, "bp_diastolic": 50, "pulse": 36, "temperature": 36.2, "oxygen_level": 85.0, "pain_scale": 9, "ai_score": 1, "ai_reasoning": "Critical SpO2: 85.0%; Dangerous pulse: 36 bpm; Abnormal BP: 89 mmHg; Severe pain: 9/10", "ai_action": "Immediate resuscitation — alert senior doctor NOW", "ai_source": "rule_based", "assessed_at": "2026-04-19T12:33:05.628Z", "assessed_by": ""}}, {"model": "apps.triageassessment", "pk": 6, "fields": {"patient": 2, "symptoms": "high fever", "bp_systolic": 95, "bp_diastolic": 60, "pulse": 128, "temperature": 40.2, "oxygen_level": 93.0, "pain_scale": 8, "ai_score": 2, "ai_reasoning": "Low SpO2: 93.0%; Abnormal pulse: 128 bpm; Dangerous temp: 40.2°C; High pain: 8/10", "ai_action": "Emergency treatment within 15 minutes", "ai_source": "rule_based", "assessed_at": "2026-04-19T12:38:16.074Z", "assessed_by": ""}}, {"model": "apps.triageassessment", "pk": 7, "fields": {"patient": 2, "symptoms": "30-year-old male, asthma attack", "bp_systolic": 130, "bp_diastolic": 85, "pulse": 105, "temperature": 38.7, "oxygen_level": 95.0, "pain_scale": 6, "ai_score": 3, "ai_reasoning": "High fever: 38.7°C", "ai_action": "Seen within 30 minutes", "ai_source": "rule_based", "assessed_at": "2026-04-19T12:48:23.622Z", "assessed_by": ""}}, {"model": "apps.triageassessment", "pk": 8, "fields": {"patient": 2, "symptoms": "30-year-old male, asthma attack", "bp_systolic": 130, "bp_diastolic": 85, "pulse": 105, "temperature": 38.7, "oxygen_level": 95.0, "pain_scale": 6, "ai_score": 3, "ai_reasoning": "High fever: 38.7°C", "ai_action": "Seen within 30 minutes", "ai_source": "rule_based", "assessed_at": "2026-04-19T12:50:59.418Z", "assessed_by": ""}}, {"model": "apps.triageassessment", "pk": 9, "fields": {"patient": 3, "symptoms": "25-year-old female, UTI symptoms", "bp_systolic": 118, "bp_diastolic": 76, "pulse": 88, "temperature": 38.1, "oxygen_level": 98.0, "pain_scale": 4, "ai_score": 5, "ai_reasoning": "Vitals within normal range", "ai_action": "Routine queue — seen within 2 hours", "ai_source": "rule_based", "assessed_at": "2026-04-19T12:53:28.343Z", "assessed_by": ""}}, {"model": "apps.triageassessment", "pk": 10, "fields": {"patient": 3, "symptoms": "25-year-old female, UTI symptoms", "bp_systolic": 118, "bp_diastolic": 76, "pulse": 88, "temperature": 38.1, "oxygen_level": 98.0, "pain_scale": 4, "ai_score": 3, "ai_reasoning": "Patient presents with UTI symptoms and a low-grade fever (38.1°C), indicating a possible infection requiring timely evaluation and treatment to prevent progression.", "ai_action": "Patient should be seen within 30 minutes for urinalysis, culture, and initiation of antibiotics if indicated. Monitor for worsening fever or signs of pyelonephritis.", "ai_source": "gemini", "assessed_at": "2026-04-19T12:55:18.361Z", "assessed_by": ""}}, {"model": "apps.triageassessment", "pk": 11, "fields": {"patient": 3, "symptoms": "25-year-old female, UTI symptoms", "bp_systolic": 118, "bp_diastolic": 76, "pulse": 88, "temperature": 38.1, "oxygen_level": 98.0, "pain_scale": 4, "ai_score": 3, "ai_reasoning": "Patient presents with UTI symptoms and a low-grade fever (38.1°C), indicating a possible infection requiring timely evaluation and treatment to prevent progression.", "ai_action": "Patient should be seen by a doctor within 30 minutes for urinalysis, culture, and initiation of appropriate antibiotics.", "ai_source": "gemini", "assessed_at": "2026-04-19T12:55:27.533Z", "assessed_by": ""}}, {"model": "apps.triageassessment", "pk": 12, "fields": {"patient": 6, "symptoms": "Severe chest pain radiating to left arm, difficulty breathing, sweating profusely", "bp_systolic": 80, "bp_diastolic": 50, "pulse": 35, "temperature": 37.0, "oxygen_level": 80.0, "pain_scale": 10, "ai_score": 1, "ai_reasoning": "Patient presents with critical vital signs (hypotension, severe bradycardia, hypoxemia) and classic symptoms of acute myocardial infarction (severe chest pain radiating to left arm, difficulty breathing, profuse sweating), indicating an immediate life-threatening condition requiring urgent intervention.", "ai_action": "Immediate resuscitation, oxygen administration, cardiac monitoring, IV access, ECG, and preparation for advanced cardiac life support (ACLS) protocols and potential cardiac catheterization.", "ai_source": "gemini", "assessed_at": "2026-04-19T12:58:31.894Z", "assessed_by": ""}}, {"model": "apps.triageassessment", "pk": 13, "fields": {"patient": 1, "symptoms": "30-year-old male, asthma attack", "bp_systolic": 130, "bp_diastolic": 85, "pulse": 105, "temperature": 38.7, "oxygen_level": 95.0, "pain_scale": 6, "ai_score": 2, "ai_reasoning": "Patient is experiencing an asthma attack with elevated pulse, fever, and moderate pain, indicating respiratory distress requiring urgent intervention.", "ai_action": "Administer bronchodilator (e.g., salbutamol nebulization), oxygen therapy, and assess respiratory status immediately. Prepare for potential steroid administration.", "ai_source": "gemini", "assessed_at": "2026-04-19T12:59:28.912Z", "assessed_by": ""}}, {"model": "apps.triageassessment", "pk": 14, "fields": {"patient": 1, "symptoms": "30-year-old male, asthma attack", "bp_systolic": 118, "bp_diastolic": 76, "pulse": 88, "temperature": 38.1, "oxygen_level": 98.0, "pain_scale": 4, "ai_score": 2, "ai_reasoning": "Patient is experiencing an asthma attack, which can rapidly escalate to respiratory distress. While current SpO2 is good, temperature is elevated, and pulse is slightly high, indicating the body is under stress. Prompt intervention is needed to prevent worsening.", "ai_action": "Administer bronchodilator (e.g., salbutamol nebulization), monitor respiratory status closely, and prepare for physician assessment within 15 minutes.", "ai_source": "gemini", "assessed_at": "2026-04-19T13:00:41.334Z", "assessed_by": ""}}, {"model": "apps.triageassessment", "pk": 15, "fields": {"patient": 1, "symptoms": "22-year-old male, common cold", "bp_systolic": 118, "bp_diastolic": 76, "pulse": 88, "temperature": 38.1, "oxygen_level": 98.0, "pain_scale": 4, "ai_score": 5, "ai_reasoning": "Patient presents with common cold symptoms and stable vital signs, indicating a non-urgent condition.", "ai_action": "Provide symptomatic relief, advise rest and hydration, and recommend follow-up if symptoms worsen or persist.", "ai_source": "gemini", "assessed_at": "2026-04-19T13:02:11.027Z", "assessed_by": ""}}, {"model": "apps.triageassessment", "pk": 16, "fields": {"patient": 1, "symptoms": "30-year-old male, breathing problem", "bp_systolic": 130, "bp_diastolic": 85, "pulse": 105, "temperature": 38.7, "oxygen_level": 95.0, "pain_scale": 6, "ai_score": 2, "ai_reasoning": "Patient presents with breathing problems, elevated pulse (tachycardia), fever, and moderate pain. While SpO2 is borderline, the combination of respiratory distress and tachycardia warrants prompt evaluation.", "ai_action": "Immediate medical assessment, oxygen therapy if needed, and further investigation into the cause of breathing difficulty and fever.", "ai_source": "gemini", "assessed_at": "2026-04-19T13:11:12.051Z", "assessed_by": ""}}, {"model": "apps.triageassessment", "pk": 17, "fields": {"patient": 1, "symptoms": "panicking", "bp_systolic": 130, "bp_diastolic": 85, "pulse": 105, "temperature": 38.7, "oxygen_level": 95.0, "pain_scale": 6, "ai_score": 2, "ai_reasoning": "Elevated pulse, fever, and panicking suggest a potential acute issue requiring prompt assessment. While SpO2 is borderline, the combination of symptoms warrants urgent attention to rule out or manage underlying causes.", "ai_action": "Immediate assessment by a doctor, vital signs monitoring, and calming measures. Consider oxygen if SpO2 drops further or patient distress increases.", "ai_source": "gemini", "assessed_at": "2026-04-19T13:11:45.513Z", "assessed_by": ""}}, {"model": "apps.triageassessment", "pk": 18, "fields": {"patient": 1, "symptoms": "panicking", "bp_systolic": 130, "bp_diastolic": 85, "pulse": 105, "temperature": 38.7, "oxygen_level": 95.0, "pain_scale": 6, "ai_score": 2, "ai_reasoning": "Elevated pulse, fever, and panicking suggest a potential acute issue requiring prompt assessment. While SpO2 is borderline, the combination of symptoms warrants urgent attention.", "ai_action": "Immediate medical assessment by a doctor or senior nurse, vital signs monitoring, and calming techniques. Consider oxygen if SpO2 drops further or patient distress increases.", "ai_source": "gemini", "assessed_at": "2026-04-19T13:11:54.771Z", "assessed_by": ""}}, {"model": "apps.triageassessment", "pk": 19, "fields": {"patient": 1, "symptoms": "Burning urination, lower abdominal pain, mild fever since yesterday", "bp_systolic": 118, "bp_diastolic": 76, "pulse": 88, "temperature": 38.1, "oxygen_level": 98.0, "pain_scale": 4, "ai_score": 3, "ai_reasoning": "Symptoms suggest a urinary tract infection (UTI) with mild fever. While not immediately life-threatening, discomfort and potential for progression warrant evaluation within 30 minutes.", "ai_action": "Patient should be seen by a doctor for diagnosis and treatment. Urinalysis and urine culture may be needed. Pain relief can be offered.", "ai_source": "gemini", "assessed_at": "2026-04-19T13:13:30.330Z", "assessed_by": ""}}, {"model": "apps.triageassessment", "pk": 20, "fields": {"patient": 1, "symptoms": "Burning urination, lower abdominal pain, mild fever since yesterday", "bp_systolic": 118, "bp_diastolic": 76, "pulse": 88, "temperature": 38.1, "oxygen_level": 98.0, "pain_scale": 4, "ai_score": 3, "ai_reasoning": "Symptoms suggest a urinary tract infection (UTI) with mild fever. While not immediately life-threatening, discomfort and potential for progression warrant evaluation within 30 minutes.", "ai_action": "Patient should be seen by a doctor for diagnosis and treatment. Urinalysis and urine culture may be needed. Pain relief can be offered.", "ai_source": "gemini", "assessed_at": "2026-04-19T13:21:53.494Z", "assessed_by": ""}}, {"model": "apps.triageassessment", "pk": 21, "fields": {"patient": 4, "symptoms": "evere chest pain radiating to left arm, difficulty breathing, sweating profusely", "bp_systolic": 85, "bp_diastolic": 50, "pulse": 36, "temperature": 36.2, "oxygen_level": 82.0, "pain_scale": 10, "ai_score": 1, "ai_reasoning": "Critical SpO2: 82.0%; Dangerous pulse: 36 bpm; Abnormal BP: 85 mmHg; Severe pain: 10/10", "ai_action": "Immediate resuscitation — alert senior doctor NOW", "ai_source": "rule_based", "assessed_at": "2026-04-19T14:29:39.385Z", "assessed_by": ""}}, {"model": "apps.triageassessment", "pk": 22, "fields": {"patient": 4, "symptoms": "severe chest pain radiating to left arm, difficulty breathing, sweating profusely", "bp_systolic": 85, "bp_diastolic": 50, "pulse": 38, "temperature": 36.2, "oxygen_level": 82.0, "pain_scale": 9, "ai_score": 1, "ai_reasoning": "Patient presents with critical vital signs (hypotension, bradycardia, hypoxemia) and classic symptoms of acute myocardial infarction (severe chest pain radiating to left arm, dyspnea, diaphoresis), indicating an immediate life-threatening condition.", "ai_action": "Immediate resuscitation, cardiac monitoring, oxygen administration, IV access, pain management, and rapid transfer to emergency department for definitive cardiac care.", "ai_source": "gemini", "assessed_at": "2026-04-19T14:35:57.454Z", "assessed_by": ""}}, {"model": "apps.triageassessment", "pk": 23, "fields": {"patient": 5, "symptoms": "Cold and cough", "bp_systolic": 118, "bp_diastolic": 75, "pulse": 85, "temperature": 36.0, "oxygen_level": 99.0, "pain_scale": 3, "ai_score": 5, "ai_reasoning": "Patient has stable vitals and presents with common cold and cough symptoms, indicating a non-urgent condition.", "ai_action": "Register patient for routine consultation with a general physician.", "ai_source": "gemini", "assessed_at": "2026-04-19T14:37:22.878Z", "assessed_by": ""}}, {"model": "apps.triageassessment", "pk": 24, "fields": {"patient": 1, "symptoms": "Severe abdominal pain", "bp_systolic": 100, "bp_diastolic": 65, "pulse": 50, "temperature": 36.0, "oxygen_level": 90.0, "pain_scale": 8, "ai_score": 1, "ai_reasoning": "Hypotension (BP 100/65), bradycardia (Pulse 50), hypoxemia (SpO2 90%), and severe abdominal pain (Pain 8/10) indicate potential shock and organ hypoperfusion, requiring immediate intervention.", "ai_action": "Immediate resuscitation, oxygen administration, IV access, rapid medical assessment by a physician, and preparation for potential surgical intervention.", "ai_source": "gemini", "assessed_at": "2026-04-19T17:48:07.425Z", "assessed_by": ""}}, {"model": "apps.triageassessment", "pk": 25, "fields": {"patient": 7, "symptoms": "Mad always, panic attack when outside, stomach ache, dust allergy, dysentry", "bp_systolic": 110, "bp_diastolic": 61, "pulse": 50, "temperature": 35.8, "oxygen_level": 90.0, "pain_scale": 6, "ai_score": 2, "ai_reasoning": "The patient presents with SpO2 of 90% which is concerning for hypoxemia, a low pulse of 50 bpm (bradycardia), and a pain scale of 6/10. While the 'mad always' and panic attacks suggest mental health concerns, the physiological parameters (SpO2, pulse) combined with dysentery and stomach ache warrant urgent medical attention to rule out acute underlying conditions.", "ai_action": "Immediate assessment by a doctor, including a full set of vitals, ECG, and further investigation into the cause of hypoxemia, bradycardia, and dysentery. Oxygen supplementation may be required. Mental health assessment should follow once acute medical issues are stabilized.", "ai_source": "gemini", "assessed_at": "2026-04-23T11:44:02.278Z", "assessed_by": ""}}, {"model": "apps.triageassessment", "pk": 26, "fields": {"patient": 7, "symptoms": "Burning urination, lower abdominal pain, mild fever", "bp_systolic": 118, "bp_diastolic": 76, "pulse": 88, "temperature": 38.1, "oxygen_level": 98.0, "pain_scale": 4, "ai_score": 5, "ai_reasoning": "Vitals within normal range", "ai_action": "Routine queue — seen within 2 hours", "ai_source": "rule_based", "assessed_at": "2026-04-23T11:47:06.313Z", "assessed_by": ""}}, {"model": "apps.triageassessment", "pk": 27, "fields": {"patient": 7, "symptoms": "Cold and cough and breathing problem", "bp_systolic": 118, "bp_diastolic": 75, "pulse": 70, "temperature": 33.9, "oxygen_level": 96.0, "pain_scale": 4, "ai_score": 2, "ai_reasoning": "Dangerous temp: 33.9°C", "ai_action": "Emergency treatment within 15 minutes", "ai_source": "rule_based", "assessed_at": "2026-04-27T18:19:40.894Z", "assessed_by": ""}}, {"model": "apps.triageassessment", "pk": 28, "fields": {"patient": 1, "symptoms": "Cold and cough and breathing problem", "bp_systolic": 118, "bp_diastolic": 75, "pulse": 70, "temperature": 33.9, "oxygen_level": 96.0, "pain_scale": 4, "ai_score": 2, "ai_reasoning": "Dangerous temp: 33.9°C", "ai_action": "Emergency treatment within 15 minutes", "ai_source": "rule_based", "assessed_at": "2026-04-27T18:23:01.216Z", "assessed_by": ""}}, {"model": "apps.triageassessment", "pk": 29, "fields": {"patient": 1, "symptoms": "Cold and cough and breathing problem", "bp_systolic": 118, "bp_diastolic": 75, "pulse": 70, "temperature": 33.9, "oxygen_level": 96.0, "pain_scale": 4, "ai_score": 2, "ai_reasoning": "Dangerous temp: 33.9°C", "ai_action": "Emergency treatment within 15 minutes", "ai_source": "rule_based", "assessed_at": "2026-04-27T18:23:18.328Z", "assessed_by": ""}}, {"model": "apps.triageassessment", "pk": 30, "fields": {"patient": 1, "symptoms": "Cold and cough and breathing problem", "bp_systolic": 118, "bp_diastolic": 75, "pulse": 70, "temperature": 33.9, "oxygen_level": 96.0, "pain_scale": 4, "ai_score": 2, "ai_reasoning": "Dangerous temp: 33.9°C", "ai_action": "Emergency treatment within 15 minutes", "ai_source": "rule_based", "assessed_at": "2026-04-27T18:23:20.307Z", "assessed_by": ""}}, {"model": "apps.triageassessment", "pk": 31, "fields": {"patient": 1, "symptoms": "Cold and cough and breathing problem", "bp_systolic": 118, "bp_diastolic": 75, "pulse": 70, "temperature": 33.9, "oxygen_level": 96.0, "pain_scale": 4, "ai_score": 2, "ai_reasoning": "Dangerous temp: 33.9°C", "ai_action": "Emergency treatment within 15 minutes", "ai_source": "rule_based", "assessed_at": "2026-04-27T18:23:22.409Z", "assessed_by": ""}}, {"model": "apps.triageassessment", "pk": 32, "fields": {"patient": 6, "symptoms": "cold, cough and problem in breathing", "bp_systolic": 118, "bp_diastolic": 75, "pulse": 75, "temperature": 35.0, "oxygen_level": 96.0, "pain_scale": 4, "ai_score": 5, "ai_reasoning": "Vitals within normal range", "ai_action": "Routine queue — seen within 2 hours", "ai_source": "rule_based", "assessed_at": "2026-04-27T18:24:41.250Z", "assessed_by": ""}}, {"model": "apps.triageassessment", "pk": 33, "fields": {"patient": 1, "symptoms": "cold, cough and slow breathing", "bp_systolic": 118, "bp_diastolic": 75, "pulse": 75, "temperature": 34.0, "oxygen_level": 96.0, "pain_scale": 4, "ai_score": 2, "ai_reasoning": "The patient's temperature is significantly low (34.0°C), indicating hypothermia, which can be serious. Slow breathing combined with cold and cough warrants urgent assessment to rule out respiratory distress or infection.", "ai_action": "Immediate assessment by a doctor, warm the patient, monitor respiratory rate and oxygen saturation closely, consider blood tests and chest X-ray.", "ai_source": "gemini", "assessed_at": "2026-04-27T18:30:28.107Z", "assessed_by": ""}}, {"model": "apps.token", "pk": 14, "fields": {"patient": 1, "doctor": null, "token_number": 1, "department": 3, "triage_score": 1, "status": "waiting", "notes": "", "created_at": "2026-04-19T14:04:09.165Z", "called_at": null, "completed_at": null}}, {"model": "apps.token", "pk": 15, "fields": {"patient": 6, "doctor": null, "token_number": 1, "department": 1, "triage_score": 3, "status": "done", "notes": "", "created_at": "2026-04-19T14:04:22.140Z", "called_at": "2026-04-19T14:04:25.702Z", "completed_at": "2026-04-19T17:45:36.002Z"}}, {"model": "apps.token", "pk": 16, "fields": {"patient": 2, "doctor": null, "token_number": 1, "department": 7, "triage_score": 4, "status": "waiting", "notes": "", "created_at": "2026-04-19T14:04:52.745Z", "called_at": null, "completed_at": null}}, {"model": "apps.token", "pk": 17, "fields": {"patient": 3, "doctor": null, "token_number": 1, "department": 2, "triage_score": 2, "status": "waiting", "notes": "", "created_at": "2026-04-19T14:05:28.009Z", "called_at": null, "completed_at": null}}, {"model": "apps.token", "pk": 18, "fields": {"patient": 4, "doctor": null, "token_number": 2, "department": 2, "triage_score": 1, "status": "done", "notes": "Auto-created from manual emergency escalation. Reason: Stroke", "created_at": "2026-04-19T14:06:04.228Z", "called_at": null, "completed_at": "2026-04-23T11:35:18.426Z"}}, {"model": "apps.token", "pk": 19, "fields": {"patient": 4, "doctor": null, "token_number": 3, "department": 2, "triage_score": 1, "status": "waiting", "notes": "Auto-created from triage. Score 1 — CRITICAL.", "created_at": "2026-04-19T14:29:39.419Z", "called_at": null, "completed_at": null}}, {"model": "apps.token", "pk": 20, "fields": {"patient": 4, "doctor": null, "token_number": 4, "department": 2, "triage_score": 1, "status": "waiting", "notes": "Auto-created from triage. Score 1 — CRITICAL.", "created_at": "2026-04-19T14:35:57.476Z", "called_at": null, "completed_at": null}}, {"model": "apps.token", "pk": 21, "fields": {"patient": 4, "doctor": null, "token_number": 2, "department": 3, "triage_score": 3, "status": "waiting", "notes": "", "created_at": "2026-04-19T14:36:32.572Z", "called_at": null, "completed_at": null}}, {"model": "apps.token", "pk": 22, "fields": {"patient": 5, "doctor": null, "token_number": 3, "department": 3, "triage_score": 5, "status": "waiting", "notes": "", "created_at": "2026-04-19T14:37:28.138Z", "called_at": null, "completed_at": null}}, {"model": "apps.token", "pk": 23, "fields": {"patient": 1, "doctor": null, "token_number": 5, "department": 2, "triage_score": 1, "status": "waiting", "notes": "Auto-created from triage. Score 1 — CRITICAL.", "created_at": "2026-04-19T17:48:07.444Z", "called_at": null, "completed_at": null}}, {"model": "apps.token", "pk": 24, "fields": {"patient": 7, "doctor": null, "token_number": 1, "department": 2, "triage_score": 2, "status": "skipped", "notes": "Auto-created from triage. Score 2 — EMERGENCY.", "created_at": "2026-04-23T11:44:02.312Z", "called_at": null, "completed_at": null}}, {"model": "apps.token", "pk": 25, "fields": {"patient": 7, "doctor": null, "token_number": 1, "department": 3, "triage_score": 5, "status": "waiting", "notes": "", "created_at": "2026-04-23T11:47:28.737Z", "called_at": null, "completed_at": null}}, {"model": "apps.token", "pk": 26, "fields": {"patient": 7, "doctor": null, "token_number": 1, "department": 2, "triage_score": 2, "status": "waiting", "notes": "Auto-created from triage. Score 2 — EMERGENCY.", "created_at": "2026-04-27T18:19:40.933Z", "called_at": null, "completed_at": null}}, {"model": "apps.token", "pk": 27, "fields": {"patient": 1, "doctor": null, "token_number": 2, "department": 2, "triage_score": 2, "status": "waiting", "notes": "Auto-created from triage. Score 2 — EMERGENCY.", "created_at": "2026-04-27T18:23:01.288Z", "called_at": null, "completed_at": null}}, {"model": "apps.token", "pk": 28, "fields": {"patient": 1, "doctor": null, "token_number": 3, "department": 2, "triage_score": 2, "status": "waiting", "notes": "Auto-created from triage. Score 2 — EMERGENCY.", "created_at": "2026-04-27T18:23:18.341Z", "called_at": null, "completed_at": null}}, {"model": "apps.token", "pk": 29, "fields": {"patient": 1, "doctor": null, "token_number": 4, "department": 2, "triage_score": 2, "status": "waiting", "notes": "Auto-created from triage. Score 2 — EMERGENCY.", "created_at": "2026-04-27T18:23:20.323Z", "called_at": null, "completed_at": null}}, {"model": "apps.token", "pk": 30, "fields": {"patient": 1, "doctor": null, "token_number": 5, "department": 2, "triage_score": 2, "status": "waiting", "notes": "Auto-created from triage. Score 2 — EMERGENCY.", "created_at": "2026-04-27T18:23:22.426Z", "called_at": null, "completed_at": null}}, {"model": "apps.token", "pk": 31, "fields": {"patient": 1, "doctor": null, "token_number": 6, "department": 2, "triage_score": 2, "status": "waiting", "notes": "Auto-created from triage. Score 2 — EMERGENCY.", "created_at": "2026-04-27T18:30:28.141Z", "called_at": null, "completed_at": null}}, {"model": "apps.emergencyescalation", "pk": 1, "fields": {"patient": 1, "token": null, "triage_assessment": 1, "reason": "[AUTO] Triage score 1 — CRITICAL. Critical SpO2: 82.0%; Dangerous pulse: 38 bpm; Abnormal BP: 85 mmHg; Severe pain: 10/10. Recommended action: Immediate resuscitation — alert senior doctor NOW", "escalated_by": "Triage System", "auto_escalated": true, "status": "resolved", "escalated_at": "2026-04-19T11:34:54.823Z", "resolved_at": "2026-04-19T12:43:41.918Z", "resolution_notes": ""}}, {"model": "apps.emergencyescalation", "pk": 2, "fields": {"patient": 5, "token": null, "triage_assessment": 2, "reason": "[AUTO] Triage score 2 — EMERGENCY. Low SpO2: 93.0%; Abnormal pulse: 128 bpm; Dangerous temp: 40.2°C; High pain: 8/10. Action: Emergency treatment within 15 minutes", "escalated_by": "Triage System", "auto_escalated": true, "status": "resolved", "escalated_at": "2026-04-19T11:57:27.708Z", "resolved_at": "2026-04-19T12:43:38.939Z", "resolution_notes": ""}}, {"model": "apps.emergencyescalation", "pk": 3, "fields": {"patient": 3, "token": null, "triage_assessment": 5, "reason": "[AUTO] Triage score 1 — CRITICAL. Critical SpO2: 85.0%; Dangerous pulse: 36 bpm; Abnormal BP: 89 mmHg; Severe pain: 9/10. Action: Immediate resuscitation — alert senior doctor NOW", "escalated_by": "Triage System", "auto_escalated": true, "status": "resolved", "escalated_at": "2026-04-19T12:33:05.655Z", "resolved_at": "2026-04-19T12:43:36.563Z", "resolution_notes": ""}}, {"model": "apps.emergencyescalation", "pk": 4, "fields": {"patient": 2, "token": null, "triage_assessment": 6, "reason": "[AUTO] Triage score 2 — EMERGENCY. Low SpO2: 93.0%; Abnormal pulse: 128 bpm; Dangerous temp: 40.2°C; High pain: 8/10. Action: Emergency treatment within 15 minutes", "escalated_by": "Triage System", "auto_escalated": true, "status": "resolved", "escalated_at": "2026-04-19T12:38:16.118Z", "resolved_at": "2026-04-19T12:43:33.963Z", "resolution_notes": ""}}, {"model": "apps.emergencyescalation", "pk": 5, "fields": {"patient": 6, "token": null, "triage_assessment": 12, "reason": "[AUTO] Triage score 1 — CRITICAL. Patient presents with critical vital signs (hypotension, severe bradycardia, hypoxemia) and classic symptoms of acute myocardial infarction (severe chest pain radiating to left arm, difficulty breathing, profuse sweating), indicating an immediate life-threatening condition requiring urgent intervention.. Action: Immediate resuscitation, oxygen administration, cardiac monitoring, IV access, ECG, and preparation for advanced cardiac life support (ACLS) protocols and potential cardiac catheterization.", "escalated_by": "Triage System", "auto_escalated": true, "status": "resolved", "escalated_at": "2026-04-19T12:58:31.930Z", "resolved_at": "2026-04-19T13:14:50.945Z", "resolution_notes": ""}}, {"model": "apps.emergencyescalation", "pk": 6, "fields": {"patient": 1, "token": null, "triage_assessment": 13, "reason": "[AUTO] Triage score 2 — EMERGENCY. Patient is experiencing an asthma attack with elevated pulse, fever, and moderate pain, indicating respiratory distress requiring urgent intervention.. Action: Administer bronchodilator (e.g., salbutamol nebulization), oxygen therapy, and assess respiratory status immediately. Prepare for potential steroid administration.", "escalated_by": "Triage System", "auto_escalated": true, "status": "resolved", "escalated_at": "2026-04-19T12:59:28.969Z", "resolved_at": "2026-04-19T13:14:47.347Z", "resolution_notes": ""}}, {"model": "apps.emergencyescalation", "pk": 7, "fields": {"patient": 1, "token": null, "triage_assessment": 14, "reason": "[AUTO] Triage score 2 — EMERGENCY. Patient is experiencing an asthma attack, which can rapidly escalate to respiratory distress. While current SpO2 is good, temperature is elevated, and pulse is slightly high, indicating the body is under stress. Prompt intervention is needed to prevent worsening.. Action: Administer bronchodilator (e.g., salbutamol nebulization), monitor respiratory status closely, and prepare for physician assessment within 15 minutes.", "escalated_by": "Triage System", "auto_escalated": true, "status": "resolved", "escalated_at": "2026-04-19T13:00:41.366Z", "resolved_at": "2026-04-19T13:14:44.807Z", "resolution_notes": ""}}, {"model": "apps.emergencyescalation", "pk": 8, "fields": {"patient": 1, "token": null, "triage_assessment": 16, "reason": "[AUTO] Triage score 2 — EMERGENCY. Patient presents with breathing problems, elevated pulse (tachycardia), fever, and moderate pain. While SpO2 is borderline, the combination of respiratory distress and tachycardia warrants prompt evaluation.. Action: Immediate medical assessment, oxygen therapy if needed, and further investigation into the cause of breathing difficulty and fever.", "escalated_by": "Triage System", "auto_escalated": true, "status": "resolved", "escalated_at": "2026-04-19T13:11:12.083Z", "resolved_at": "2026-04-19T13:14:40.205Z", "resolution_notes": ""}}, {"model": "apps.emergencyescalation", "pk": 9, "fields": {"patient": 1, "token": null, "triage_assessment": 17, "reason": "[AUTO] Triage score 2 — EMERGENCY. Elevated pulse, fever, and panicking suggest a potential acute issue requiring prompt assessment. While SpO2 is borderline, the combination of symptoms warrants urgent attention to rule out or manage underlying causes.. Action: Immediate assessment by a doctor, vital signs monitoring, and calming measures. Consider oxygen if SpO2 drops further or patient distress increases.", "escalated_by": "Triage System", "auto_escalated": true, "status": "resolved", "escalated_at": "2026-04-19T13:11:45.552Z", "resolved_at": "2026-04-19T13:14:37.212Z", "resolution_notes": ""}}, {"model": "apps.emergencyescalation", "pk": 10, "fields": {"patient": 1, "token": null, "triage_assessment": 18, "reason": "[AUTO] Triage score 2 — EMERGENCY. Elevated pulse, fever, and panicking suggest a potential acute issue requiring prompt assessment. While SpO2 is borderline, the combination of symptoms warrants urgent attention.. Action: Immediate medical assessment by a doctor or senior nurse, vital signs monitoring, and calming techniques. Consider oxygen if SpO2 drops further or patient distress increases.", "escalated_by": "Triage System", "auto_escalated": true, "status": "resolved", "escalated_at": "2026-04-19T13:11:55.058Z", "resolved_at": "2026-04-19T13:14:34.695Z", "resolution_notes": ""}}, {"model": "apps.emergencyescalation", "pk": 11, "fields": {"patient": 1, "token": null, "triage_assessment": null, "reason": "Heart Attack", "escalated_by": "General Physician", "auto_escalated": false, "status": "resolved", "escalated_at": "2026-04-19T13:15:38.968Z", "resolved_at": "2026-04-19T13:16:12.633Z", "resolution_notes": ""}}, {"model": "apps.emergencyescalation", "pk": 12, "fields": {"patient": 6, "token": null, "triage_assessment": null, "reason": "Heart attack", "escalated_by": "General Physician", "auto_escalated": false, "status": "resolved", "escalated_at": "2026-04-19T13:22:33.476Z", "resolved_at": "2026-04-19T14:05:46.211Z", "resolution_notes": ""}}, {"model": "apps.emergencyescalation", "pk": 13, "fields": {"patient": 2, "token": null, "triage_assessment": null, "reason": "Coma", "escalated_by": "NA", "auto_escalated": false, "status": "resolved", "escalated_at": "2026-04-19T13:23:31.985Z", "resolved_at": "2026-04-19T14:05:43.665Z", "resolution_notes": ""}}, {"model": "apps.emergencyescalation", "pk": 14, "fields": {"patient": 4, "token": 18, "triage_assessment": null, "reason": "Stroke", "escalated_by": "General Physician", "auto_escalated": false, "status": "active", "escalated_at": "2026-04-19T14:06:04.208Z", "resolved_at": null, "resolution_notes": ""}}, {"model": "apps.emergencyescalation", "pk": 15, "fields": {"patient": 4, "token": 19, "triage_assessment": 21, "reason": "[AUTO] Triage score 1 — CRITICAL. Critical SpO2: 82.0%; Dangerous pulse: 36 bpm; Abnormal BP: 85 mmHg; Severe pain: 10/10. Action: Immediate resuscitation — alert senior doctor NOW", "escalated_by": "Triage System", "auto_escalated": true, "status": "active", "escalated_at": "2026-04-19T14:29:39.429Z", "resolved_at": null, "resolution_notes": ""}}, {"model": "apps.emergencyescalation", "pk": 16, "fields": {"patient": 4, "token": 20, "triage_assessment": 22, "reason": "[AUTO] Triage score 1 — CRITICAL. Patient presents with critical vital signs (hypotension, bradycardia, hypoxemia) and classic symptoms of acute myocardial infarction (severe chest pain radiating to left arm, dyspnea, diaphoresis), indicating an immediate life-threatening condition.. Action: Immediate resuscitation, cardiac monitoring, oxygen administration, IV access, pain management, and rapid transfer to emergency department for definitive cardiac care.", "escalated_by": "Triage System", "auto_escalated": true, "status": "active", "escalated_at": "2026-04-19T14:35:57.485Z", "resolved_at": null, "resolution_notes": ""}}, {"model": "apps.emergencyescalation", "pk": 17, "fields": {"patient": 1, "token": 23, "triage_assessment": 24, "reason": "[AUTO] Triage score 1 — CRITICAL. Hypotension (BP 100/65), bradycardia (Pulse 50), hypoxemia (SpO2 90%), and severe abdominal pain (Pain 8/10) indicate potential shock and organ hypoperfusion, requiring immediate intervention.. Action: Immediate resuscitation, oxygen administration, IV access, rapid medical assessment by a physician, and preparation for potential surgical intervention.", "escalated_by": "Triage System", "auto_escalated": true, "status": "active", "escalated_at": "2026-04-19T17:48:07.455Z", "resolved_at": null, "resolution_notes": ""}}, {"model": "apps.emergencyescalation", "pk": 18, "fields": {"patient": 7, "token": 24, "triage_assessment": 25, "reason": "[AUTO] Triage score 2 — EMERGENCY. The patient presents with SpO2 of 90% which is concerning for hypoxemia, a low pulse of 50 bpm (bradycardia), and a pain scale of 6/10. While the 'mad always' and panic attacks suggest mental health concerns, the physiological parameters (SpO2, pulse) combined with dysentery and stomach ache warrant urgent medical attention to rule out acute underlying conditions.. Action: Immediate assessment by a doctor, including a full set of vitals, ECG, and further investigation into the cause of hypoxemia, bradycardia, and dysentery. Oxygen supplementation may be required. Mental health assessment should follow once acute medical issues are stabilized.", "escalated_by": "Triage System", "auto_escalated": true, "status": "active", "escalated_at": "2026-04-23T11:44:02.321Z", "resolved_at": null, "resolution_notes": ""}}, {"model": "apps.emergencyescalation", "pk": 19, "fields": {"patient": 7, "token": 26, "triage_assessment": 27, "reason": "[AUTO] Triage score 2 — EMERGENCY. Dangerous temp: 33.9°C. Action: Emergency treatment within 15 minutes", "escalated_by": "Triage System", "auto_escalated": true, "status": "active", "escalated_at": "2026-04-27T18:19:40.944Z", "resolved_at": null, "resolution_notes": ""}}, {"model": "apps.emergencyescalation", "pk": 20, "fields": {"patient": 1, "token": 27, "triage_assessment": 28, "reason": "[AUTO] Triage score 2 — EMERGENCY. Dangerous temp: 33.9°C. Action: Emergency treatment within 15 minutes", "escalated_by": "Triage System", "auto_escalated": true, "status": "active", "escalated_at": "2026-04-27T18:23:01.303Z", "resolved_at": null, "resolution_notes": ""}}, {"model": "apps.emergencyescalation", "pk": 21, "fields": {"patient": 1, "token": 28, "triage_assessment": 29, "reason": "[AUTO] Triage score 2 — EMERGENCY. Dangerous temp: 33.9°C. Action: Emergency treatment within 15 minutes", "escalated_by": "Triage System", "auto_escalated": true, "status": "active", "escalated_at": "2026-04-27T18:23:18.352Z", "resolved_at": null, "resolution_notes": ""}}, {"model": "apps.emergencyescalation", "pk": 22, "fields": {"patient": 1, "token": 29, "triage_assessment": 30, "reason": "[AUTO] Triage score 2 — EMERGENCY. Dangerous temp: 33.9°C. Action: Emergency treatment within 15 minutes", "escalated_by": "Triage System", "auto_escalated": true, "status": "active", "escalated_at": "2026-04-27T18:23:20.335Z", "resolved_at": null, "resolution_notes": ""}}, {"model": "apps.emergencyescalation", "pk": 23, "fields": {"patient": 1, "token": 30, "triage_assessment": 31, "reason": "[AUTO] Triage score 2 — EMERGENCY. Dangerous temp: 33.9°C. Action: Emergency treatment within 15 minutes", "escalated_by": "Triage System", "auto_escalated": true, "status": "active", "escalated_at": "2026-04-27T18:23:22.437Z", "resolved_at": null, "resolution_notes": ""}}, {"model": "apps.emergencyescalation", "pk": 24, "fields": {"patient": 1, "token": 31, "triage_assessment": 33, "reason": "[AUTO] Triage score 2 — EMERGENCY. The patient's temperature is significantly low (34.0°C), indicating hypothermia, which can be serious. Slow breathing combined with cold and cough warrants urgent assessment to rule out respiratory distress or infection.. Action: Immediate assessment by a doctor, warm the patient, monitor respiratory rate and oxygen saturation closely, consider blood tests and chest X-ray.", "escalated_by": "Triage System", "auto_escalated": true, "status": "active", "escalated_at": "2026-04-27T18:30:28.155Z", "resolved_at": null, "resolution_notes": ""}}]